﻿<?xml version="1.0" encoding="UTF-8"?>
<escrutinio_sitio>
  <num_a_elegir>135</num_a_elegir>
  <id>09</id>
  <nombre_lugar>Parlamento</nombre_lugar>
  <nombre_disputado>escaños</nombre_disputado>
  <porciento_escrutado>100</porciento_escrutado>
  <nombre_sitio>Cataluña</nombre_sitio>
  <convocatoria>2021</convocatoria>
  <ts>1613387487</ts>
  <tipo_sitio>2</tipo_sitio>
  <votos>
    <contabilizados>
      <cantidad>2874610</cantidad>
      <porcentaje>53.54</porcentaje>
    </contabilizados>
    <abstenciones>
      <cantidad>2494382</cantidad>
      <porcentaje>46.46</porcentaje>
    </abstenciones>
    <nulos>
      <cantidad>40966</cantidad>
      <porcentaje>1.43</porcentaje>
    </nulos>
    <blancos>
      <cantidad>24021</cantidad>
      <porcentaje>0.84</porcentaje>
    </blancos>
  </votos>
  <resultados>
    <numero_partidos>23</numero_partidos>
    <partido>
      <id_partido>6</id_partido>
      <nombre>PSC</nombre>
      <logo>psc.jpg</logo>
      <electos>33</electos>
      <votos_numero>652858</votos_numero>
      <votos_porciento>23.04</votos_porciento>
    </partido>
    <partido>
      <id_partido>10</id_partido>
      <nombre>ERC</nombre>
        <logo>erc.png</logo>
      <electos>33</electos>
      <votos_numero>603607</votos_numero>
      <votos_porciento>21.3</votos_porciento>
    </partido>
    <partido>
      <id_partido>1083</id_partido>
      <nombre>JxCat</nombre>
      <logo>jxcat.png</logo>
      <electos>32</electos>
      <votos_numero>568002</votos_numero>
      <votos_porciento>20.04</votos_porciento>
    </partido>
    <partido>
      <id_partido>693</id_partido>
      <nombre>VOX</nombre>
        <logo>vox.png</logo>
      <electos>11</electos>
      <votos_numero>217883</votos_numero>
      <votos_porciento>7.69</votos_porciento>
    </partido>
    <partido>
      <id_partido>1098</id_partido>
      <nombre>CUP-G</nombre>
        <logo>cup.png</logo>
      <electos>9</electos>
      <votos_numero>189087</votos_numero>
      <votos_porciento>6.67</votos_porciento>
    </partido>
    <partido>
      <id_partido>1099</id_partido>
      <nombre>ECP-PEC</nombre>
        <logo>ecp.jpg</logo>
      <electos>8</electos>
      <votos_numero>194626</votos_numero>
      <votos_porciento>6.87</votos_porciento>
    </partido>
    <partido>
      <id_partido>301</id_partido>
      <nombre>Cs</nombre>
        <logo>cs.png</logo>
      <electos>6</electos>
      <votos_numero>157903</votos_numero>
      <votos_porciento>5.57</votos_porciento>
    </partido>
    <partido>
      <id_partido>86</id_partido>
      <nombre>PP</nombre>
        <logo>pp.jpg</logo>
      <electos>3</electos>
      <votos_numero>109067</votos_numero>
      <votos_porciento>3.85</votos_porciento>
    </partido>
    <partido>
      <id_partido>1097</id_partido>
      <nombre>PDeCAT</nombre>
        <logo>cero.jpg</logo>
      <electos>0</electos>
      <votos_numero>77059</votos_numero>
      <votos_porciento>2.72</votos_porciento>
    </partido>
    <partido>
      <id_partido>1103</id_partido>
      <nombre>RECORTES CERO-GV-M</nombre>
        <logo>cero.jpg</logo>
      <electos>0</electos>
      <votos_numero>12707</votos_numero>
      <votos_porciento>0.45</votos_porciento>
    </partido>
    <partido>
      <id_partido>1101</id_partido>
      <nombre>MPIC</nombre>
        <logo>cero.jpg</logo>
      <electos>0</electos>
      <votos_numero>5940</votos_numero>
      <votos_porciento>0.21</votos_porciento>
    </partido>
    <partido>
      <id_partido>546</id_partido>
      <nombre>FNC</nombre>
        <logo>cero.jpg</logo>
      <electos>0</electos>
      <votos_numero>4976</votos_numero>
      <votos_porciento>0.18</votos_porciento>
    </partido>
    <partido>
      <id_partido>1102</id_partido>
      <nombre>PNC</nombre>
        <logo>cero.jpg</logo>
      <electos>0</electos>
      <votos_numero>4583</votos_numero>
      <votos_porciento>0.16</votos_porciento>
    </partido>
    <partido>
      <id_partido>1034</id_partido>
      <nombre>PCTC</nombre>
        <logo>cero.jpg</logo>
      <electos>0</electos>
      <votos_numero>4504</votos_numero>
      <votos_porciento>0.16</votos_porciento>
    </partido>
    <partido>
      <id_partido>1035</id_partido>
      <nombre>IZQP</nombre>
        <logo>cero.jpg</logo>
      <electos>0</electos>
      <votos_numero>2059</votos_numero>
      <votos_porciento>0.07</votos_porciento>
    </partido>
    <partido>
      <id_partido>1108</id_partido>
      <nombre>SOM TERRES DE L'EBRE</nombre>
        <logo>cero.jpg</logo>
      <electos>0</electos>
      <votos_numero>1414</votos_numero>
      <votos_porciento>0.05</votos_porciento>
    </partido>
    <partido>
      <id_partido>350</id_partido>
      <nombre>PUM+J</nombre>
        <logo>cero.jpg</logo>
      <electos>0</electos>
      <votos_numero>1327</votos_numero>
      <votos_porciento>0.05</votos_porciento>
    </partido>
    <partido>
      <id_partido>1104</id_partido>
      <nombre>UEP</nombre>
        <logo>cero.jpg</logo>
      <electos>0</electos>
      <votos_numero>631</votos_numero>
      <votos_porciento>0.02</votos_porciento>
    </partido>
    <partido>
      <id_partido>643</id_partido>
      <nombre>EB</nombre>
        <logo>cero.jpg</logo>
      <electos>0</electos>
      <votos_numero>590</votos_numero>
      <votos_porciento>0.02</votos_porciento>
    </partido>
    <partido>
      <id_partido>1100</id_partido>
      <nombre>UNIDOS SI - DEf - PDSJE - SOMOS ESPAÑA</nombre>
        <logo>cero.jpg</logo>
      <electos>0</electos>
      <votos_numero>403</votos_numero>
      <votos_porciento>0.01</votos_porciento>
    </partido>
    <partido>
      <id_partido>1105</id_partido>
      <nombre>ALIANZA C V</nombre>
        <logo>cero.jpg</logo>
      <electos>0</electos>
      <votos_numero>167</votos_numero>
      <votos_porciento>0.01</votos_porciento>
    </partido>
    <partido>
      <id_partido>1106</id_partido>
      <nombre>SCAT</nombre>
        <logo>cero.jpg</logo>
      <electos>0</electos>
      <votos_numero>138</votos_numero>
      <votos_porciento>0.01</votos_porciento>
    </partido>
    <partido>
      <id_partido>1095</id_partido>
      <nombre>M.C.R.</nombre>
        <logo>cero.jpg</logo>
      <electos>0</electos>
      <votos_numero>92</votos_numero>
      <votos_porciento>0.01</votos_porciento>
    </partido>
  </resultados>
</escrutinio_sitio>
