<?xml version="1.0" encoding="ISO-8859-15"?>

<root xmlns:xsd="http://www.w3.org/2001/XMLSchema" xmlns:xsi="http://www.w3.org/2001/XMLSchema-instance" id="30009" version="1.0" xsi:noNamespaceSchemaLocation="http://www.aemet.es/xsd/localidades.xsd">
	
	<prediccion>
	
		<dia fecha="2016-02-03">
			<prob_precipitacion periodo="00-24">5</prob_precipitacion>
			<prob_precipitacion periodo="00-12">0</prob_precipitacion>
			<prob_precipitacion periodo="12-24">5</prob_precipitacion>
			<prob_precipitacion periodo="00-06">0</prob_precipitacion>
			<prob_precipitacion periodo="06-12">0</prob_precipitacion>
			<prob_precipitacion periodo="12-18">0</prob_precipitacion>
			<prob_precipitacion periodo="18-24">5</prob_precipitacion>
			<cota_nieve_prov periodo="00-24"/>
			<cota_nieve_prov periodo="00-12"/>
			<cota_nieve_prov periodo="12-24"/>
			<cota_nieve_prov periodo="00-06"/>
			<cota_nieve_prov periodo="06-12"/>
			<cota_nieve_prov periodo="12-18"/>
			<cota_nieve_prov periodo="18-24"/>
			<estado_cielo periodo="00-24" descripcion="Poco nuboso">12</estado_cielo>
			
			
			<viento periodo="00-06">
				<direccion>NO</direccion>
				<velocidad>10</velocidad>
			</viento>
			<racha_max periodo="00-24"/>
			<racha_max periodo="00-12"/>
			<racha_max periodo="12-24"/>
			<racha_max periodo="00-06"/>
			<racha_max periodo="06-12"/>
			<racha_max periodo="12-18"/>
			<racha_max periodo="18-24"/>
			<temperatura>
				<maxima>20</maxima>
				<minima>10</minima>
				<dato hora="06">10</dato>
				<dato hora="12">18</dato>
				<dato hora="18">16</dato>
				<dato hora="24">12</dato>
			</temperatura>
			<sens_termica>
				<maxima>20</maxima>
				<minima>8</minima>
				<dato hora="06">8</dato>
				<dato hora="12">18</dato>
				<dato hora="18">16</dato>
				<dato hora="24">12</dato>
			</sens_termica>
			<humedad_relativa>
				<maxima>90</maxima>
				<minima>45</minima>
				<dato hora="06">80</dato>
				<dato hora="12">60</dato>
				<dato hora="18">55</dato>
				<dato hora="24">70</dato>
			</humedad_relativa>
			<uv_max>4</uv_max>
		</dia>
		<dia fecha="2016-02-04">
			<prob_precipitacion periodo="00-24">70</prob_precipitacion>
			<prob_precipitacion periodo="00-12">40</prob_precipitacion>
			<prob_precipitacion periodo="12-24">20</prob_precipitacion>
			<cota_nieve_prov periodo="00-24">1400</cota_nieve_prov>
			<cota_nieve_prov periodo="00-12">1400</cota_nieve_prov>
			<cota_nieve_prov periodo="12-24">1300</cota_nieve_prov>
			<estado_cielo periodo="00-24" descripcion="Nuboso con lluvia escasa">44</estado_cielo>
			<viento periodo="00-24">
				<direccion>E</direccion>
				<velocidad>15</velocidad>
			</viento>
			<racha_max periodo="00-24"/>
			<racha_max periodo="00-12"/>
			<racha_max periodo="12-24"/>
			<temperatura>
				<maxima>13</maxima>
				<minima>7</minima>
			</temperatura>
			<sens_termica>
				<maxima>13</maxima>
				<minima>7</minima>
			</sens_termica>
			<humedad_relativa>
				<maxima>80</maxima>
				<minima>40</minima>
			</humedad_relativa>
			<uv_max>3</uv_max>
		</dia>
		<dia fecha="2016-02-05">
			<prob_precipitacion periodo="00-24">0</prob_precipitacion>
			<prob_precipitacion periodo="00-12">0</prob_precipitacion>
			<prob_precipitacion periodo="12-24">0</prob_precipitacion>
			<cota_nieve_prov periodo="00-24"/>
			<cota_nieve_prov periodo="00-12"/>
			<cota_nieve_prov periodo="12-24"/>
			<estado_cielo periodo="00-24" descripcion="Nubes altas">17</estado_cielo>
			<viento periodo="00-24">
				<direccion>C</direccion>
				<velocidad>0</velocidad>
			</viento>
			<racha_max periodo="00-24"/>
			<racha_max periodo="00-12"/>
			<racha_max periodo="12-24"/>
			<temperatura>
				<maxima>15</maxima>
				<minima>4</minima>
			</temperatura>
			<sens_termica>
				<maxima>15</maxima>
				<minima>4</minima>
			</sens_termica>
			<humedad_relativa>
				<maxima>90</maxima>
				<minima>50</minima>
			</humedad_relativa>
			<uv_max>3</uv_max>
		</dia>
		<dia fecha="2016-02-06">
			<prob_precipitacion>15</prob_precipitacion>
			<cota_nieve_prov/>
			<estado_cielo descripcion="Intervalos nubosos">13</estado_cielo>
			<viento>
				<direccion>C</direccion>
				<velocidad>0</velocidad>
			</viento>
			<racha_max/>
			<temperatura>
				<maxima>20</maxima>
				<minima>6</minima>
			</temperatura>
			<sens_termica>
				<maxima>20</maxima>
				<minima>6</minima>
			</sens_termica>
			<humedad_relativa>
				<maxima>90</maxima>
				<minima>40</minima>
			</humedad_relativa>
			<uv_max>2</uv_max>
		</dia>
		<dia fecha="2016-02-07">
			<prob_precipitacion>40</prob_precipitacion>
			<cota_nieve_prov>1900</cota_nieve_prov>
			<estado_cielo descripcion="Nuboso">14</estado_cielo>
			<viento>
				<direccion>O</direccion>
				<velocidad>25</velocidad>
			</viento>
			<racha_max>50</racha_max>
			<temperatura>
				<maxima>19</maxima>
				<minima>9</minima>
			</temperatura>
			<sens_termica>
				<maxima>19</maxima>
				<minima>9</minima>
			</sens_termica>
			<humedad_relativa>
				<maxima>80</maxima>
				<minima>45</minima>
			</humedad_relativa>
		</dia>
		<dia fecha="2016-02-08">
			<prob_precipitacion>0</prob_precipitacion>
			<cota_nieve_prov/>
			<estado_cielo descripcion="Poco nuboso">12</estado_cielo>
			<viento>
				<direccion>NO</direccion>
				<velocidad>15</velocidad>
			</viento>
			<racha_max/>
			<temperatura>
				<maxima>22</maxima>
				<minima>9</minima>
			</temperatura>
			<sens_termica>
				<maxima>22</maxima>
				<minima>8</minima>
			</sens_termica>
			<humedad_relativa>
				<maxima>80</maxima>
				<minima>40</minima>
			</humedad_relativa>
		</dia>
	</prediccion>
</root>
