<?xml version="1.0" encoding="ISO-8859-15"?>

<root xmlns:xsd="http://www.w3.org/2001/XMLSchema" xmlns:xsi="http://www.w3.org/2001/XMLSchema-instance" id="30019" version="1.0" xsi:noNamespaceSchemaLocation="http://www.aemet.es/xsd/localidades.xsd">
<prediccion>
		
		<dia fecha="2016-02-03">
			<prob_precipitacion periodo="00-24">5</prob_precipitacion>
			<prob_precipitacion periodo="00-12">0</prob_precipitacion>
			<prob_precipitacion periodo="12-24">5</prob_precipitacion>
			<prob_precipitacion periodo="00-06">0</prob_precipitacion>
			<prob_precipitacion periodo="06-12">0</prob_precipitacion>
			<prob_precipitacion periodo="12-18">0</prob_precipitacion>
			<prob_precipitacion periodo="18-24">5</prob_precipitacion>
			<cota_nieve_prov periodo="00-24"/>
			<cota_nieve_prov periodo="00-12"/>
			<cota_nieve_prov periodo="12-24"/>
			<cota_nieve_prov periodo="00-06"/>
			<cota_nieve_prov periodo="06-12"/>
			<cota_nieve_prov periodo="12-18"/>
			<cota_nieve_prov periodo="18-24"/>
			<estado_cielo periodo="00-24" descripcion="Poco nuboso">12</estado_cielo>
			<estado_cielo periodo="00-12" descripcion="Poco nuboso">12</estado_cielo>
			<estado_cielo periodo="12-24" descripcion="Poco nuboso">12</estado_cielo>
			<estado_cielo periodo="00-06" descripcion="Poco nuboso">12n</estado_cielo>
			<estado_cielo periodo="06-12" descripcion="Poco nuboso">12</estado_cielo>
			<estado_cielo periodo="12-18" descripcion="Poco nuboso">12</estado_cielo>
			<estado_cielo periodo="18-24" descripcion="Poco nuboso">12n</estado_cielo>
			<viento periodo="00-24">
				<direccion>C</direccion>
				<velocidad>0</velocidad>
			</viento>
			<viento periodo="00-12">
				<direccion>O</direccion>
				<velocidad>5</velocidad>
			</viento>
			<viento periodo="12-24">
				<direccion>C</direccion>
				<velocidad>0</velocidad>
			</viento>
			<viento periodo="00-06">
				<direccion>O</direccion>
				<velocidad>5</velocidad>
			</viento>
			<viento periodo="06-12">
				<direccion>C</direccion>
				<velocidad>0</velocidad>
			</viento>
			<viento periodo="12-18">
				<direccion>C</direccion>
				<velocidad>0</velocidad>
			</viento>
			<viento periodo="18-24">
				<direccion>N</direccion>
				<velocidad>5</velocidad>
			</viento>
			<racha_max periodo="00-24"/>
			<racha_max periodo="00-12"/>
			<racha_max periodo="12-24"/>
			<racha_max periodo="00-06"/>
			<racha_max periodo="06-12"/>
			<racha_max periodo="12-18"/>
			<racha_max periodo="18-24"/>
			<temperatura>
				<maxima>19</maxima>
				<minima>7</minima>
				<dato hora="06">7</dato>
				<dato hora="12">17</dato>
				<dato hora="18">15</dato>
				<dato hora="24">8</dato>
			</temperatura>
			<sens_termica>
				<maxima>19</maxima>
				<minima>7</minima>
				<dato hora="06">7</dato>
				<dato hora="12">17</dato>
				<dato hora="18">15</dato>
				<dato hora="24">8</dato>
			</sens_termica>
			<humedad_relativa>
				<maxima>95</maxima>
				<minima>45</minima>
				<dato hora="06">90</dato>
				<dato hora="12">50</dato>
				<dato hora="18">55</dato>
				<dato hora="24">80</dato>
			</humedad_relativa>
			<uv_max>4</uv_max>
		</dia>
		<dia fecha="2016-02-04">
			<prob_precipitacion periodo="00-24">55</prob_precipitacion>
			<prob_precipitacion periodo="00-12">40</prob_precipitacion>
			<prob_precipitacion periodo="12-24">20</prob_precipitacion>
			<cota_nieve_prov periodo="00-24">1400</cota_nieve_prov>
			<cota_nieve_prov periodo="00-12">1400</cota_nieve_prov>
			<cota_nieve_prov periodo="12-24">1300</cota_nieve_prov>
			<estado_cielo periodo="00-24" descripcion="Nuboso con lluvia escasa">44</estado_cielo>
			<estado_cielo periodo="00-12" descripcion="Nuboso con lluvia escasa">44</estado_cielo>
			<estado_cielo periodo="12-24" descripcion="Nuboso">14</estado_cielo>
			<viento periodo="00-24">
				<direccion>SE</direccion>
				<velocidad>5</velocidad>
			</viento>
			<viento periodo="00-12">
				<direccion>SE</direccion>
				<velocidad>5</velocidad>
			</viento>
			<viento periodo="12-24">
				<direccion>SE</direccion>
				<velocidad>5</velocidad>
			</viento>
			<racha_max periodo="00-24"/>
			<racha_max periodo="00-12"/>
			<racha_max periodo="12-24"/>
			<temperatura>
				<maxima>12</maxima>
				<minima>5</minima>
			</temperatura>
			<sens_termica>
				<maxima>12</maxima>
				<minima>5</minima>
			</sens_termica>
			<humedad_relativa>
				<maxima>85</maxima>
				<minima>50</minima>
			</humedad_relativa>
			<uv_max>3</uv_max>
		</dia>
		<dia fecha="2016-02-05">
			<prob_precipitacion periodo="00-24">0</prob_precipitacion>
			<prob_precipitacion periodo="00-12">0</prob_precipitacion>
			<prob_precipitacion periodo="12-24">0</prob_precipitacion>
			<cota_nieve_prov periodo="00-24"/>
			<cota_nieve_prov periodo="00-12"/>
			<cota_nieve_prov periodo="12-24"/>
			<estado_cielo periodo="00-24" descripcion="Nubes altas">17</estado_cielo>
			<estado_cielo periodo="00-12" descripcion="Nubes altas">17</estado_cielo>
			<estado_cielo periodo="12-24" descripcion="Nubes altas">17</estado_cielo>
			<viento periodo="00-24">
				<direccion>SE</direccion>
				<velocidad>5</velocidad>
			</viento>
			<viento periodo="00-12">
				<direccion>SE</direccion>
				<velocidad>5</velocidad>
			</viento>
			<viento periodo="12-24">
				<direccion>SE</direccion>
				<velocidad>5</velocidad>
			</viento>
			<racha_max periodo="00-24"/>
			<racha_max periodo="00-12"/>
			<racha_max periodo="12-24"/>
			<temperatura>
				<maxima>13</maxima>
				<minima>3</minima>
			</temperatura>
			<sens_termica>
				<maxima>13</maxima>
				<minima>3</minima>
			</sens_termica>
			<humedad_relativa>
				<maxima>90</maxima>
				<minima>55</minima>
			</humedad_relativa>
			<uv_max>3</uv_max>
		</dia>
		<dia fecha="2016-02-06">
			<prob_precipitacion>15</prob_precipitacion>
			<cota_nieve_prov/>
			<estado_cielo descripcion="Intervalos nubosos">13</estado_cielo>
			<viento>
				<direccion>C</direccion>
				<velocidad>0</velocidad>
			</viento>
			<racha_max/>
			<temperatura>
				<maxima>19</maxima>
				<minima>4</minima>
			</temperatura>
			<sens_termica>
				<maxima>19</maxima>
				<minima>4</minima>
			</sens_termica>
			<humedad_relativa>
				<maxima>95</maxima>
				<minima>45</minima>
			</humedad_relativa>
			<uv_max>2</uv_max>
		</dia>
		<dia fecha="2016-02-07">
			<prob_precipitacion>40</prob_precipitacion>
			<cota_nieve_prov>1900</cota_nieve_prov>
			<estado_cielo descripcion="Muy nuboso">15</estado_cielo>
			<viento>
				<direccion>O</direccion>
				<velocidad>25</velocidad>
			</viento>
			<racha_max>55</racha_max>
			<temperatura>
				<maxima>17</maxima>
				<minima>8</minima>
			</temperatura>
			<sens_termica>
				<maxima>17</maxima>
				<minima>8</minima>
			</sens_termica>
			<humedad_relativa>
				<maxima>80</maxima>
				<minima>50</minima>
			</humedad_relativa>
		</dia>
		<dia fecha="2016-02-08">
			<prob_precipitacion>0</prob_precipitacion>
			<cota_nieve_prov/>
			<estado_cielo descripcion="Poco nuboso">12</estado_cielo>
			<viento>
				<direccion>NO</direccion>
				<velocidad>15</velocidad>
			</viento>
			<racha_max/>
			<temperatura>
				<maxima>20</maxima>
				<minima>9</minima>
			</temperatura>
			<sens_termica>
				<maxima>20</maxima>
				<minima>9</minima>
			</sens_termica>
			<humedad_relativa>
				<maxima>80</maxima>
				<minima>45</minima>
			</humedad_relativa>
		</dia>
	</prediccion>
</root>
